timestamp,author,branch,commit_sha,commit_message,task_id,task_title
"2026-08-13T07:12:37Z","MWANGI-BUILDS","feature/support-deflection-mvp","5e14003322e5c1cd5485adae7c1f7b3117036827","feat: add Flask scaffold and run script - provides local demo entrypoint for MVP","T1","Project setup & local scaffold"
"2026-08-13T07:16:30Z","VICKY","feature/support-deflection-mvp","0c7234073c0973055eced3afef98dc8d1ed71265","feat: add orders connector template and demo mocks - replaces in-memory with configurable connector","T2","Mock orders & rules engine"
"2026-08-13T07:18:10Z","SANDISIWE","feature/support-deflection-mvp","88d990b7745967c34498137a593221826fd09d19","feat: implement order-status intent handler - returns shipped/processing/delivered states","T3","Order-status intent + responses"
"2026-08-13T07:20:12Z","ANN","feature/support-deflection-mvp","e909cdfc0d03b5b4c16700e117430c36cab65b98","feat: implement returns/refunds handler - returns eligibility, steps, refund ETA","T4","Returns/refunds intent + responses"
"2026-08-13T07:23:56Z","ESTHER","feature/support-deflection-mvp","dfc7f3b7059afa1993e99b1429311c9c934b44ba","docs: add integration points & env variables doc - lists APIs to connect for prod","T5","Integration points & env docs"
"2026-08-13T07:25:31Z","ANN","feature/support-deflection-mvp","9cf6cf4b69936fa4db27be31d42285be31bbc413","docs: add 1-page go-live readiness note - summarizes status and handoff steps","T6","Handoff-ready 1-page go-live note"
"2026-08-13T07:28:52Z","MWANGI-BUILDS","feature/support-deflection-mvp","bdf18a89447a818156891b4a125fbb4dc20f518d","docs: add curl examples and expected outputs - simplifies demo verification for stakeholders","T7","Demo flow & README polish"
"2026-08-13T07:30:32Z","MWANGI-BUILDS","feature/support-deflection-mvp","4673fe454cf47f003a3e7ef2575e391cd4805497","docs: add audit_log_template.csv mapping tasks to commits - prepares required audit trail","T8","Audit log & commit conventions"
"2026-08-13T07:34:38Z","MWANGI-BUILDS","feature/support-deflection-mvp","6a64c026cd8f2a350bca66c7d360f95181715601","test: add smoke test matrix and manual test notes - validates main demo flows","T9","Testing & validation"
"2026-08-13T07:37:54Z","MWANGI-BUILDS","feature/support-deflection-mvp","e0c627028d9e21ac6773fe5b473dd80ee7d7627a","feat: add /deliverable packaging and final commit - prepares artifacts for delivery","T10","Final packaging + export"
